nrmse,local_n_other
0.8821841713471097,200
0.8937464901864175,150
0.9098429012337004,80
