nrmse,pca_dim
0.4817901016271695,70
0.482725332211141,75
0.4986149430083843,60
0.5078007846772314,55
0.5110659774114932,45
0.5234806675322421,40
