nrmse,leaky_alpha_max
0.4955579436514269,0.8
0.49590257900251294,0.95
0.4961812868209379,0.6
0.50605408066443,0.4
0.5449223551959337,0.2
0.7358603864662944,0.01
