nrmse,sparse_density
0.852418761563707,0.4
0.8539772416479596,0.15
0.855492133922148,0.3
0.8561204329181539,0.5
0.8573134795592569,0.05
0.857794068164214,0.2
