nrmse,spectral_radius
0.8865121840675195,0.9
0.8866802024172017,0.8
0.8918916874921702,1.05
0.9085692452769975,0.6
0.9224395420562963,0.4
0.955492163077966,0.2
