nrmse,leaky_alpha_min,leaky_alpha_max
0.9120952238466258,0.1,0.1
0.9140265711925215,0.1,0.5
0.917454947853459,0.5,0.5
