nrmse,pca_dim
0.532872459245791,35
0.5381919324144717,30
0.5438057568096877,25
0.552291222235284,20
0.5620280711497565,15
0.5832090168596854,10
0.6131352083380317,5
0.7750433969685702,3
