nrmse,leaky_alpha_min
0.8644923126102018,0.05
0.8722312945053495,0.9
0.8737844743085925,0.2
0.8756170228969896,0.99
0.875854015118436,0.7
0.878873191988756,0.5
