nrmse,local_manhattan
0.8899971481268353,4
0.8914753077785458,6
0.8932668965298505,3
0.8933268736843345,5
0.9002077394625939,2
0.9023591715705384,1
