nrmse,d
0.37072380025666546,3
0.37416783504953977,2
0.6432416776599528,1
