{
    "n_reservior": [
        500,
        700,
        900,
        1100,
        1300
    ],
    "simple_density": [
        0.15,
        0.2,
        0.3,
        0.5
    ],
    "beta": [
        0.00001,
        0.0001,
        0.00005,
        0.0005
    ],
    "leaky_alpha_max": 
    [
        0.9,
        0.6,
        0.3
    ]
}