nrmse,local_n_other
0.789107295424397,1400
0.7965863558540344,1200
0.8085306059047227,1000
0.819245942128002,800
0.8347217276812618,600
0.8449962999366845,400
