nrmse,local_heart_leak_alpha_min
0.8700784392049546,0.2
0.8700874494791706,0.05
0.8704726168626912,0.5
0.8721920088099981,0.9
0.8731713194363923,0.7
0.8754921884178019,0.99
