nrmse,beta
0.882334624244023,1e-05
0.8843143545878034,1e-06
0.8920710608742536,0.0001
0.8925078395376511,0.001
0.8945014828526892,0.01
0.9025587616702819,0.1
