nrmse,d
0.4811229633401766,3
0.4811563197053105,2
0.4870162532894963,4
0.49367123222250264,1
0.5014646969461395,5
0.5228830488985934,6
