nrmse,pca_dim
0.48148947549526966,70
0.48208854441036575,75
0.4978242481582536,65
0.4989421960981706,60
0.508336990441534,55
0.5114701789167807,45
0.5118182824991004,50
0.5222012745558751,40
