nrmse,leaky_alpha_min
0.8766305799229452,0.9
0.8785228500185244,0.99
0.8790093583316967,0.3
0.8790449571596479,0.6
0.8813988489394509,0.01
0.8822876957441509,0.1
