nrmse,n_reservior
0.77807742288643,1830
0.7928349509610946,1530
0.804197931620487,1330
0.815940536882863,1130
0.8281693833381825,930
0.8448709234128406,730
