nrmse,local_other_density
0.893747817798964,0.6
0.8978076679666218,0.4
0.9455352210996792,0.8
