nrmse,d
0.8567832220158527,3
0.8365024549153492,1
0.8327573841285667,2
