nrmse,leaky_alpha_min
0.48682328182851065,0.95
0.4881393875279793,0.8
0.4883655555355925,0.6
0.4896786217137255,0.4
0.49046760516106525,0.2
0.4909720165536997,0.01
