nrmse,local_other_density
0.8853329113075422,0.3
0.9085900629655217,0.15
0.9474422331503354,0.05
