nrmse,n_reservior
0.2874370213761625,800
0.3041109260307618,500
0.3516645230652304,300
