nrmse,leaky_alpha_min
0.9034329331925488,0.1
0.9123006143410934,0.5
0.9204189428155203,0.9
