nrmse,local_heart_weights_mu,local_heart_weights_scale
0.8819444233271525,0,1
0.9130044718600037,0.9,0.1
0.9138954772054426,0.9,1
