nrmse,pca_dim
0.2663001274428913,75
0.26682269673957537,100
0.2813746868725245,130
