nrmse,local_n_other
0.8180979188651879,1000
0.836778583465813,600
0.8623826552595993,300
