nrmse,washout
0.8906780476467515,160
0.8915301756580122,70
0.8920346412234138,100
0.8957474362030473,130
0.8973878767997652,10
0.9004112110106615,40
