nrmse,pca_dim
0.2656299042071232,45
0.2820769078096417,30
0.4077567712372814,15
